{
  "Column_0": 81001.7333984375,
  "Column_1": 0.0,
  "Column_2": 221126.07635498047,
  "Column_3": 443327.36689034104,
  "Column_4": 0.0,
  "Column_5": 0.0,
  "Column_6": 1008834.7944342941,
  "Column_7": 384205.78216552734,
  "Column_8": 649727.8115160763,
  "Column_9": 64107.571228027344
}