{
  "Column_0": 85964.60109906385,
  "Column_1": 10780.105111241375,
  "Column_2": 266240.0243036747,
  "Column_3": 373136.19635309774,
  "Column_4": 33241.80936266865,
  "Column_5": 5963.446008414034,
  "Column_6": 1190835.1842367097,
  "Column_7": 364289.4006563866,
  "Column_8": 705580.5069130686,
  "Column_9": 101032.54941327055
}