{
  "Column_0": 41516.0891954899,
  "Column_1": 1738.7185783386587,
  "Column_2": 253931.26277814875,
  "Column_3": 397092.8762948254,
  "Column_4": 25301.576959013975,
  "Column_5": 7845.3762378692645,
  "Column_6": 1162317.8184866398,
  "Column_7": 355780.0964193441,
  "Column_8": 708182.7883296264,
  "Column_9": 145137.91924358904
}