{
  "Column_0": 22272.385345458984,
  "Column_1": 11590.603303909302,
  "Column_2": 186417.10443210602,
  "Column_3": 439095.92183303833,
  "Column_4": 33305.83415591717,
  "Column_5": 7664.968022465706,
  "Column_6": 1185074.7120847702,
  "Column_7": 392944.23278713226,
  "Column_8": 750113.7653614283,
  "Column_9": 140601.0115967989
}