{
  "Column_0": 158232.92445731163,
  "Column_1": 403.5138053894043,
  "Column_2": 15160.433698654175,
  "Column_3": 0.0,
  "Column_4": 0.0,
  "Column_5": 0.0,
  "Column_6": 757355.1899900436,
  "Column_7": 0.0,
  "Column_8": 622931.7404000759,
  "Column_9": 49374.8012676239,
  "Column_10": 13240.502137184143,
  "Column_11": 2194596.6008594036,
  "Column_12": 559074.445526123,
  "Column_13": 1381544.279308796,
  "Column_14": 79955.11048388481
}