{
  "Column_0": 4760.9599609375,
  "Column_1": 0.0,
  "Column_2": 36470.4599609375,
  "Column_3": 343095.34521484375,
  "Column_4": 0.0,
  "Column_5": 0.0,
  "Column_6": 930373.9306640625,
  "Column_7": 365409.28271484375,
  "Column_8": 646866.9189453125,
  "Column_9": 4915.75
}