{
  "Column_0": 23004.31272983551,
  "Column_1": 414.65259742736816,
  "Column_2": 17639.15282678604,
  "Column_3": 0.0,
  "Column_4": 0.0,
  "Column_5": 0.0,
  "Column_6": 543509.2966485023,
  "Column_7": 0.0,
  "Column_8": 455891.60526800156,
  "Column_9": 45361.99340629578,
  "Column_10": 8424.025511264801,
  "Column_11": 1578627.2316598892,
  "Column_12": 400446.4974632263,
  "Column_13": 1005074.7417879105,
  "Column_14": 151654.2931842804
}