{
  "Column_0": 14625.473230719566,
  "Column_1": 439.5107877254486,
  "Column_2": 9134.886754572392,
  "Column_3": 8.325049877166748,
  "Column_4": 34.8647198677063,
  "Column_5": 10.739850044250488,
  "Column_6": 330594.1136556864,
  "Column_7": 7.576550006866455,
  "Column_8": 275411.610278368,
  "Column_9": 24188.70592880249,
  "Column_10": 4445.299332380295,
  "Column_11": 944361.224050343,
  "Column_12": 245218.1711639762,
  "Column_13": 604461.8905076981,
  "Column_14": 82940.39975357056
}