{
  "Column_0": 72293.7290160656,
  "Column_1": 307.88896584510803,
  "Column_2": 10422.600447177887,
  "Column_3": 2.595479965209961,
  "Column_4": 22.557179927825928,
  "Column_5": 11.776989936828613,
  "Column_6": 411124.7813718319,
  "Column_7": 0.0,
  "Column_8": 337867.4985322356,
  "Column_9": 34231.31593167782,
  "Column_10": 7219.05032479763,
  "Column_11": 1187310.6858571768,
  "Column_12": 303947.9377024174,
  "Column_13": 751924.7019084692,
  "Column_14": 52010.78879714012
}