{
  "Column_0": 13354.718035876751,
  "Column_1": 501.9886951446533,
  "Column_2": 11031.687350213528,
  "Column_3": 0.0,
  "Column_4": 0.0,
  "Column_5": 11.287930846214294,
  "Column_6": 413359.35128706694,
  "Column_7": 0.0,
  "Column_8": 341263.0560249686,
  "Column_9": 29611.178155243397,
  "Column_10": 5184.105889737606,
  "Column_11": 1183057.8936391473,
  "Column_12": 305638.18401503563,
  "Column_13": 760525.1201452017,
  "Column_14": 107303.55383086205
}