{
  "Column_0": 24394.440755844116,
  "Column_1": 558.5836048126221,
  "Column_2": 20378.291749954224,
  "Column_3": 0.0,
  "Column_4": 0.0,
  "Column_5": 0.0,
  "Column_6": 762244.4619779587,
  "Column_7": 0.0,
  "Column_8": 636187.3004808426,
  "Column_9": 58660.87705039978,
  "Column_10": 10449.98545742035,
  "Column_11": 2171662.537171364,
  "Column_12": 563483.9096698761,
  "Column_13": 1386394.2454538345,
  "Column_14": 205901.1420059204
}