{
  "Column_0": 85964.60212664654,
  "Column_1": 10780.105111241375,
  "Column_2": 266240.0233944259,
  "Column_3": 373136.19685070525,
  "Column_4": 33241.80906321951,
  "Column_5": 5963.446006506685,
  "Column_6": 1190835.1842139724,
  "Column_7": 364289.40045801835,
  "Column_8": 705580.506808359,
  "Column_9": 101032.54951245307
}